{
  "timestamp": "2025-08-05T13:10:01.704399",
  "uptime": 2363.182113,
  "active_instances": 0,
  "failure_counts": {},
  "restart_count": 0
}